,source,smiles,inchi,inchikey,validation
0,DH-MOTM-Poster-Jan2023-1.pdf,COc1ccc(F)cc1C(=O)NCc1ccc(-c2nn([C@@H](C)C(F)(F)F)c(N)c2C(N)=O)cc1,"InChI=1S/C22H21F4N5O3/c1-11(22(24,25)26)31-19(27)17(20(28)32)18(30-31)13-5-3-12(4-6-13)10-29-21(33)15-9-14(23)7-8-16(15)34-2/h3-9,11H,10,27H2,1-2H3,(H2,28,32)(H,29,33)/t11-/m0/s1",FWZAWAUZXYCBKZ-NSHDSACASA-N,True
1,DH-MOTM-Poster-Jan2023-1.pdf,[H][C@@]1(c2ccc(OC)cc2N(CC)Cc2ccc(CCNCC)cc2)CCc2cc(O)ccc2C1,"InChI=1S/C30H38N2O2/c1-4-31-17-16-22-6-8-23(9-7-22)21-32(5-2)30-20-28(34-3)14-15-29(30)26-11-10-25-19-27(33)13-12-24(25)18-26/h6-9,12-15,19-20,26,31,33H,4-5,10-11,16-18,21H2,1-3H3/t26-/m1/s1",SIFNOOUKXBRGGB-AREMUKBSSA-N,True
2,DH-MOTM-Poster-Jan2023-1.pdf,Cc1ccc([C@H]2C[C@@H]2COc2cc(NCc3nnc(C)s3)nc(C)n2)nc1,"InChI=1S/C19H22N6OS/c1-11-4-5-16(20-8-11)15-6-14(15)10-26-18-7-17(22-12(2)23-18)21-9-19-25-24-13(3)27-19/h4-5,7-8,14-15H,6,9-10H2,1-3H3,(H,21,22,23)/t14-,15+/m1/s1",WQKPZDLZRFTMTI-CABCVRRESA-N,True
3,DH-MOTM-Poster-Jan2023-1.pdf,COCCN(CCCCc1ccc2c(n1)NCCC2)CC[C@H](Nc1ncnc2ccccc12)C(=O)O,"InChI=1S/C27H36N6O3/c1-36-18-17-33(15-5-4-8-21-12-11-20-7-6-14-28-25(20)31-21)16-13-24(27(34)35)32-26-22-9-2-3-10-23(22)29-19-30-26/h2-3,9-12,19,24H,4-8,13-18H2,1H3,(H,28,31)(H,34,35)(H,29,30,32)/t24-/m0/s1",CWOFQJBATWQSHL-DEOSSOPVSA-N,True
4,DH-MOTM-Poster-Jan2023-1.pdf,Cc1ccc(C2CC2)c(-c2ccc3c(c2)CCCO3)c1[C@H](OC(C)(C)C)C(=O)O,"InChI=1S/C25H30O4/c1-15-7-11-19(16-8-9-16)22(21(15)23(24(26)27)29-25(2,3)4)18-10-12-20-17(14-18)6-5-13-28-20/h7,10-12,14,16,23H,5-6,8-9,13H2,1-4H3,(H,26,27)/t23-/m0/s1",UDFCYQOJPMKLMT-QHCPKHFHSA-N,True
5,DH-MOTM-Poster-Jan2023-1.pdf,C1=CC(=CC(=C1)F)C2=CN(C3C([C@@H](CO)OC([C@@H]3O)S[C@H]4C(C([C@H](C(CO)O4)O)N5C=C(C6=CC(=CC=C6)F)N=N5)O)O)N=N2,"InChI=1S/C28H30F2N6O8S/c29-15-5-1-3-13(7-15)17-9-35(33-31-17)21-23(39)19(11-37)43-27(25(21)41)45-28-26(42)22(24(40)20(12-38)44-28)36-10-18(32-34-36)14-4-2-6-16(30)8-14/h1-10,19-28,37-42H,11-12H2/t19-,20?,21?,22?,23?,24+,25-,26?,27?,28+/m1/s1",YGIDGBAHDZEYMT-ZOERGNDLSA-N,True
6,DH-MOTM-Poster-Jan2023-1.pdf,[H]C(C)(C)C12([H])NC3[H][CH]3456789%10([H])CC3%11%12%13([H])(C)CC34([H])O%115C134([H])(O%126)C([H])(C)C%137[CH]81([H])O39C1%10([H])C24([H])(C)C([H])(C)C.[H]C1(NS(C)(=O)=O)CCC234([H])(NS(C)(=O)=O)C5CC2678(C)(C)C2C69C6%10([H]C%11C6(C)CC%119%1076%12([H])[H]C67C%12C76([H])CC67([H])CC([H])(C)(C)C7)C52386([H])CC46C2([H])(NS(C)(=O)=O)CC12,,,False
7,DH-MOTM-Poster-Jan2023-1.pdf,CCC(=O)N[C@@H]1CCCc2c(-c3ccc4c(c3)CCC(=O)N4C)cncc21,"InChI=1S/C22H25N3O2/c1-3-21(26)24-19-6-4-5-16-17(12-23-13-18(16)19)14-7-9-20-15(11-14)8-10-22(27)25(20)2/h7,9,11-13,19H,3-6,8,10H2,1-2H3,(H,24,26)/t19-/m1/s1",VDEUDSRUMNAXJG-LJQANCHMSA-N,True
8,DH-MOTM-Poster-Jan2023-1.pdf,Cc1cc(-c2ccc3c(c2)CC[C@H]3N2CC3(CCN(C(=O)Cc4cn5cc(C)sc5n4)CC3)C2)nc(O)n1,"InChI=1S/C29H32N6O2S/c1-18-11-24(32-27(37)30-18)21-3-5-23-20(12-21)4-6-25(23)35-16-29(17-35)7-9-33(10-8-29)26(36)13-22-15-34-14-19(2)38-28(34)31-22/h3,5,11-12,14-15,25H,4,6-10,13,16-17H2,1-2H3,(H,30,32,37)/t25-/m1/s1",QVWZNQBFKUFFHO-RUZDIDTESA-N,False
9,DH-MOTM-Poster-Jan2023-1.pdf,C[C@H]1CN(C)CCN1c1cc(NC(=O)Cn2cc(-c3cc(C(N)=O)c(O)c(F)c3F)c3c(=O)n4c(nc32)CCC4)c(Cl)c(F)n1,"InChI=1S/C29H28ClF3N8O4/c1-13-10-38(2)6-7-40(13)19-9-17(22(30)26(33)36-19)35-20(42)12-39-11-16(14-8-15(27(34)44)25(43)24(32)23(14)31)21-28(39)37-18-4-3-5-41(18)29(21)45/h8-9,11,13,43H,3-7,10,12H2,1-2H3,(H2,34,44)(H,35,36,42)/t13-/m0/s1",LGAFZGSECXDYIR-ZDUSSCGKSA-N,True
10,DH-MOTM-Poster-Feb2023.pdf,COc1cc([C@@H](C)C(=O)N2CC[C@@]3(CCc4cc(-c5ncccn5)c(C)nc4N3)C2)c(F)cn1,"InChI=1S/C25H27FN6O2/c1-15(18-12-21(34-3)29-13-20(18)26)24(33)32-10-7-25(14-32)6-5-17-11-19(16(2)30-22(17)31-25)23-27-8-4-9-28-23/h4,8-9,11-13,15H,5-7,10,14H2,1-3H3,(H,30,31)/t15-,25+/m1/s1",PARGFYLSRQUWHR-BZQUYTCOSA-N,False
11,DH-MOTM-Poster-Feb2023.pdf,Cc1c(C#N)cc(C(F)F)cc1Oc1c(C(F)(F)C(F)F)ncn(Cc2cc(F)c[nH]c2=O)c1=O,"InChI=1S/C21H13F7N4O3/c1-9-11(5-29)2-10(17(23)24)4-14(9)35-15-16(21(27,28)20(25)26)31-8-32(19(15)34)7-12-3-13(22)6-30-18(12)33/h2-4,6,8,17,20H,7H2,1H3,(H,30,33)",VZPBEVWOYXRBLB-UHFFFAOYSA-N,True
12,DH-MOTM-Poster-Feb2023.pdf,N#Cc1ccc(-n2cnc3cc(OCCOCCO)c(NC4CCOCC4)nc32)nc1,"InChI=1S/C21H24N6O4/c22-12-15-1-2-19(23-13-15)27-14-24-17-11-18(31-10-9-30-8-5-28)20(26-21(17)27)25-16-3-6-29-7-4-16/h1-2,11,13-14,16,28H,3-10H2,(H,25,26)",VNAPWQDUDZCVCA-UHFFFAOYSA-N,True
13,DH-MOTM-Poster-Feb2023.pdf,[H][C@@]12C[C@@H](OCc3ccc(F)cc3)[C@@](N)(C(=O)O[C@@H](C)OC(=O)C34CC5CC(CC(C5)C3)C4)[C@]1([H])[C@@]2(F)C(=O)O,"InChI=1S/C28H33F2NO7/c1-14(37-24(34)26-10-16-6-17(11-26)8-18(7-16)12-26)38-25(35)28(31)21(9-20-22(28)27(20,30)23(32)33)36-13-15-2-4-19(29)5-3-15/h2-5,14,16-18,20-22H,6-13,31H2,1H3,(H,32,33)/t14-,16?,17?,18?,20+,21+,22-,26?,27+,28-/m0/s1",OCKJWSRXCCMMEI-AHGQKZNCSA-N,True
14,DH-MOTM-Poster-Feb2023.pdf,Cn1cc(-c2ccc(CNc3cc(-c4cnc5cc(OCCCN6CCCC6)ccn45)ncn3)cc2)cn1,"InChI=1S/C29H32N8O/c1-35-20-24(18-34-35)23-7-5-22(6-8-23)17-30-28-16-26(32-21-33-28)27-19-31-29-15-25(9-13-37(27)29)38-14-4-12-36-10-2-3-11-36/h5-9,13,15-16,18-21H,2-4,10-12,14,17H2,1H3,(H,30,32,33)",LVMAULGVWBINFP-UHFFFAOYSA-N,True
15,DH-MOTM-Poster-Feb2023.pdf,CCCCC1=NC2(CCCC2)C(=O)N1CC3=CC(=C(C=C3)C4=CC=CC=C4S(=O)(=O)NC5=NOC(=C5C)C)COCC,"InChI=1S/C32H40N4O5S/c1-5-7-14-29-33-32(17-10-11-18-32)31(37)36(29)20-24-15-16-26(25(19-24)21-40-6-2)27-12-8-9-13-28(27)42(38,39)35-30-22(3)23(4)41-34-30/h8-9,12-13,15-16,19H,5-7,10-11,14,17-18,20-21H2,1-4H3,(H,34,35)",WRFHGDPIDHPWIQ-UHFFFAOYSA-N,True
16,DH-MOTM-Poster-Feb2023.pdf,O=C(O)CNC(=O)c1c(O)n(C2CCCCC2)c(=O)n(C2CCCCC2)c1=O,"InChI=1S/C19H27N3O6/c23-14(24)11-20-16(25)15-17(26)21(12-7-3-1-4-8-12)19(28)22(18(15)27)13-9-5-2-6-10-13/h12-13,26H,1-11H2,(H,20,25)(H,23,24)",NVTKJBXOBFRPLQ-UHFFFAOYSA-N,True
17,DH-MOTM-Poster-Feb2023.pdf,Cc1ncccc1-c1cc2c(n3cnnc13)NCc1c(F)ccc3c1[C@H](CO3)CO2,"InChI=1S/C22H18FN5O2/c1-12-14(3-2-6-24-12)15-7-19-22(28-11-26-27-21(15)28)25-8-16-17(23)4-5-18-20(16)13(9-29-18)10-30-19/h2-7,11,13,25H,8-10H2,1H3/t13-/m1/s1",JQBUTSBIFNKJMW-CYBMUJFWSA-N,True
18,DH-MOTM-Poster-Feb2023.pdf,[H][C@]12CC[C@H](C1)OC(=O)N[C@@H]1C[C@H](C1)OCc1cccc(n1)Nc1cc2[nH]n1,"InChI=1S/C19H23N5O3/c25-19-21-13-7-15(8-13)26-10-12-2-1-3-17(20-12)22-18-9-16(23-24-18)11-4-5-14(6-11)27-19/h1-3,9,11,13-15H,4-8,10H2,(H,21,25)(H2,20,22,23,24)/t11-,13-,14+,15-/m0/s1",LAQCQSKKZIRXFW-MHEUCROKSA-N,False
19,DH-MOTM-Poster-March2023.pdf,CNc1cc(Nc2cccn(-c3ccccn3)c2=O)nc2c(C(=O)N[C@@H]3CC[C@H]3OC)cnn12,"InChI=1S/C23H24N8O3/c1-24-20-12-18(27-16-6-5-11-30(23(16)33)19-7-3-4-10-25-19)29-21-14(13-26-31(20)21)22(32)28-15-8-9-17(15)34-2/h3-7,10-13,15,17,24H,8-9H2,1-2H3,(H,27,29)(H,28,32)/t15-,17-/m1/s1",BWINBHTTZLVXGT-NVXWUHKLSA-N,True
20,DH-MOTM-Poster-March2023.pdf,Cc1cc(C[C@@H](NC(=O)N2CCC(c3cc4ccccc4[nH]c3=O)CC2)C(=O)N2CCN(C3CCN(C)CC3)CC2)cc2cn[nH]c12,"InChI=1S/C36H46N8O3/c1-24-19-25(20-28-23-37-40-33(24)28)21-32(35(46)43-17-15-42(16-18-43)29-9-11-41(2)12-10-29)39-36(47)44-13-7-26(8-14-44)30-22-27-5-3-4-6-31(27)38-34(30)45/h3-6,19-20,22-23,26,29,32H,7-18,21H2,1-2H3,(H,37,40)(H,38,45)(H,39,47)/t32-/m1/s1",JJVAPHYEOZSKJZ-JGCGQSQUSA-N,True
21,DH-MOTM-Poster-March2023.pdf,CCN(C(=O)c1cc(F)ccc1Oc1cncnc1N1CC2(CCN(C[C@@H]3CC[C@@H](N[S@TB6](=O)(=O)CC)CC3)CC2)C1)C(C)C,"InChI=1S/C32H47FN6O4S/c1-5-39(23(3)4)31(40)27-17-25(33)9-12-28(27)43-29-18-34-22-35-30(29)38-20-32(21-38)13-15-37(16-14-32)19-24-7-10-26(11-8-24)36-44(41,42)6-2/h9,12,17-18,22-24,26,36H,5-8,10-11,13-16,19-21H2,1-4H3/t24-,26-",FRVSRBKUQZKTOW-YOCNBXQISA-N,True
22,DH-MOTM-Poster-March2023.pdf,Cc1cnc(-c2ccnc(C(C)(C)O)n2)cc1-n1c(C)cc(OCc2ncc(F)cc2F)c(Cl)c1=O,"InChI=1S/C25H22ClF2N5O3/c1-13-10-30-18(17-5-6-29-24(32-17)25(3,4)35)9-20(13)33-14(2)7-21(22(26)23(33)34)36-12-19-16(28)8-15(27)11-31-19/h5-11,35H,12H2,1-4H3",FQPQMJULRZINPV-UHFFFAOYSA-N,True
23,DH-MOTM-Poster-March2023.pdf,COc1cc(NC(C(=O)c2c[nH]c3ccc(OC(F)(F)F)cc23)c2ccc(Cl)cc2OC)cc([S@SP3](C)(=O)=O)c1,"InChI=1S/C26H22ClF3N2O6S/c1-36-17-9-15(10-18(11-17)39(3,34)35)32-24(19-6-4-14(27)8-23(19)37-2)25(33)21-13-31-22-7-5-16(12-20(21)22)38-26(28,29)30/h4-13,24,31-32H,1-3H3",QNOPDDHSGQQLCV-UHFFFAOYSA-N,True
24,DH-MOTM-Poster-March2023.pdf,CCC[C@H](N[C@H]1CCc2cc(F)cc(F)c2C1)C(=O)Nc1cn(C(C)(C)CNCC(C)(C)C)cn1,"InChI=1S/C27H41F2N5O/c1-7-8-23(32-20-10-9-18-11-19(28)12-22(29)21(18)13-20)25(35)33-24-14-34(17-31-24)27(5,6)16-30-15-26(2,3)4/h11-12,14,17,20,23,30,32H,7-10,13,15-16H2,1-6H3,(H,33,35)/t20-,23-/m0/s1",VFCRKLWBYMDAED-REWPJTCUSA-N,True
25,DH-MOTM-Poster-March2023.pdf,CCOC(=O)C1=C(CN2CCN3[C@@H](C2)CN(CC(C)(C)C(=O)O)C3=O)NC(=N[C@H]1C4=C(C)C(=CC=C4)F)C5=NC=CS5,"InChI=1S/C29H35FN6O5S/c1-5-41-26(37)22-21(15-34-10-11-36-18(13-34)14-35(28(36)40)16-29(3,4)27(38)39)32-24(25-31-9-12-42-25)33-23(22)19-7-6-8-20(30)17(19)2/h6-9,12,18,23H,5,10-11,13-16H2,1-4H3,(H,32,33)(H,38,39)/t18-,23-/m0/s1",YLJBFYZGSKMBEZ-MBSDFSHPSA-N,True
26,DH-MOTM-Poster-March2023.pdf,Cc1ccc(C(=O)Nc2nc(-c3ccco3)c(C(=O)C3CCOCC3)s2)cn1,"InChI=1S/C20H19N3O4S/c1-12-4-5-14(11-21-12)19(25)23-20-22-16(15-3-2-8-27-15)18(28-20)17(24)13-6-9-26-10-7-13/h2-5,8,11,13H,6-7,9-10H2,1H3,(H,22,23,25)",KMFLQPJJHQNKKF-UHFFFAOYSA-N,True
27,DH-MOTM-Poster-March2023.pdf,O=C1CCC(N2Cc3cc(C4CCN(Cc5ccccc5)CC4)ccc3C2=O)C(=O)N1,"InChI=1S/C25H27N3O3/c29-23-9-8-22(24(30)26-23)28-16-20-14-19(6-7-21(20)25(28)31)18-10-12-27(13-11-18)15-17-4-2-1-3-5-17/h1-7,14,18,22H,8-13,15-16H2,(H,26,29,30)",OMISHRJQMYQPMG-UHFFFAOYSA-N,True
28,DH-MOTM-Poster-March2023.pdf,Cc1ncn(CC(=O)N2CCN(c3sc(C(F)(F)F)nc3-c3cnc(C(F)(F)F)nc3)C[C@H]2CCO)n1,"InChI=1S/C20H20F6N8O2S/c1-11-29-10-33(31-11)9-14(36)34-4-3-32(8-13(34)2-5-35)16-15(30-18(37-16)20(24,25)26)12-6-27-17(28-7-12)19(21,22)23/h6-7,10,13,35H,2-5,8-9H2,1H3/t13-/m1/s1",FDZFVXKCJKOSRC-CYBMUJFWSA-N,True
29,DH-MOTM-Poster-April-2023.pdf,CCn1c(-c2cccnc2[C@H](C)OC)c2c3cc(ccc31)N1CCO[C@@H](C[C@H](NC(=O)[C@H](C(C)C)N(C)C(=O)C3(F)CCN(C(=O)C#CC(C)(C)N(C)C)CC3)C(=O)N3CCC[C@H](N3)C(=O)OCC(C)(C)C2)C1,"InChI=1S/C55H78FN9O8/c1-13-64-44-19-18-37-30-40(44)41(48(64)39-16-14-24-57-46(39)36(4)71-12)32-53(5,6)34-73-51(69)42-17-15-25-65(59-42)50(68)43(31-38-33-63(37)28-29-72-38)58-49(67)47(35(2)3)61(11)52(70)55(56)22-26-62(27-23-55)45(66)20-21-54(7,8)60(9)10/h14,16,18-19,24,30,35-36,38,42-43,47,59H,13,15,17,22-23,25-29,31-34H2,1-12H3,(H,58,67)/t36-,38-,42-,43-,47-/m0/s1",HJNFYLSFWYRSHS-CMZSUCOPSA-N,True
30,DH-MOTM-Poster-April-2023.pdf,CNC(=O)c1cc(F)c(-c2nc3cc(C)ccn3c2C[C@H]2CN(C(=O)OC)CCO2)c(F)c1,"InChI=1S/C23H24F2N4O4/c1-13-4-5-29-18(11-15-12-28(6-7-33-15)23(31)32-3)21(27-19(29)8-13)20-16(24)9-14(10-17(20)25)22(30)26-2/h4-5,8-10,15H,6-7,11-12H2,1-3H3,(H,26,30)/t15-/m0/s1",SEHLMRJSQFAPCJ-HNNXBMFYSA-N,True
31,DH-MOTM-Poster-April-2023.pdf,CC[C@](C)(N)CNC(=O)c1c(C)nc2c(OCc3c(F)cccc3F)cc(C)cn12,"InChI=1S/C22H26F2N4O2/c1-5-22(4,25)12-26-21(29)19-14(3)27-20-18(9-13(2)10-28(19)20)30-11-15-16(23)7-6-8-17(15)24/h6-10H,5,11-12,25H2,1-4H3,(H,26,29)/t22-/m0/s1",MITNUFZPBQIMAT-QFIPXVFZSA-N,True
32,DH-MOTM-Poster-April-2023.pdf,O=c1ccc2ncc(=O)n3c2n1C[C@H]3CN1CCC(NCc2cc3c(cn2)OCCC3)CC1,"InChI=1S/C24H28N6O3/c31-22-4-3-20-24-29(22)15-19(30(24)23(32)13-27-20)14-28-7-5-17(6-8-28)25-11-18-10-16-2-1-9-33-21(16)12-26-18/h3-4,10,12-13,17,19,25H,1-2,5-9,11,14-15H2/t19-/m1/s1",PZFAZQUREQIODZ-LJQANCHMSA-N,True
33,DH-MOTM-Poster-April-2023.pdf,CCN(C)S(=O)(=O)NC1=CC=C(C(=C1C#N)OC2=CC=C3C(=C2)C(=O)N(C=N3)[C@@H]4CC5(CCN(CC5)C(=O)CC6(CCN(CC6)C7=C(C=C8C(=C7)N(C)N=C8N9CCC(=O)NC9=O)F)O)OC4)F,"InChI=1S/C45H49F2N11O9S/c1-4-53(2)68(64,65)52-35-8-6-32(46)40(31(35)24-48)67-28-5-7-34-29(19-28)42(61)58(26-49-34)27-22-45(66-25-27)12-17-56(18-13-45)39(60)23-44(63)10-15-55(16-11-44)37-21-36-30(20-33(37)47)41(51-54(36)3)57-14-9-38(59)50-43(57)62/h5-8,19-21,26-27,52,63H,4,9-18,22-23,25H2,1-3H3,(H,50,59,62)/t27-/m1/s1",OCDRMYDQTIPVOI-HHHXNRCGSA-N,True
34,DH-MOTM-Poster-April-2023.pdf,O=C(c1nn(-c2ccc(CN3CCOCC3)cc2)c2c1C[S@TB19](=O)(=O)c1c(F)cccc1-2)N1CCOCC1,"InChI=1S/C26H27FN4O5S/c27-22-3-1-2-20-24-21(17-37(33,34)25(20)22)23(26(32)30-10-14-36-15-11-30)28-31(24)19-6-4-18(5-7-19)16-29-8-12-35-13-9-29/h1-7H,8-17H2",NFHSJYKXENYICE-UHFFFAOYSA-N,True
35,DH-MOTM-Poster-April-2023.pdf,COc1cc(OC2C(C)(C)C(NC(=O)c3ccc(N4CCC(CN5CCN(c6ccc(C(=O)N[C@H]7CCC(=O)NC7=O)c(F)c6)CC5)CC4)cc3)C2(C)C)ccc1C#N,"InChI=1S/C45H54FN7O6/c1-44(2)42(45(3,4)43(44)59-33-12-8-30(26-47)37(25-33)58-5)50-39(55)29-6-9-31(10-7-29)52-18-16-28(17-19-52)27-51-20-22-53(23-21-51)32-11-13-34(35(46)24-32)40(56)48-36-14-15-38(54)49-41(36)57/h6-13,24-25,28,36,42-43H,14-23,27H2,1-5H3,(H,48,56)(H,50,55)(H,49,54,57)/t36-,42?,43?/m0/s1",RDPPBRKNBBXPNZ-PJXMSJPKSA-N,True
36,DH-MOTM-Poster-April-2023.pdf,CCOc1ccccc1C(=O)NCc1coc(-c2ccc(OC(F)F)c(OC(C)C)c2)n1,"InChI=1S/C23H24F2N2O5/c1-4-29-18-8-6-5-7-17(18)21(28)26-12-16-13-30-22(27-16)15-9-10-19(32-23(24)25)20(11-15)31-14(2)3/h5-11,13-14,23H,4,12H2,1-3H3,(H,26,28)",VFBILHPIHUPBPZ-UHFFFAOYSA-N,True
37,DH-MOTM-Poster-April-2023.pdf,[H][C@]1([C@H](O)C[C@H]2c3c(F)cccc3-c3cncn32)CC[C@H](O)CC1,"InChI=1S/C18H21FN2O2/c19-14-3-1-2-13-16-9-20-10-21(16)15(18(13)14)8-17(23)11-4-6-12(22)7-5-11/h1-3,9-12,15,17,22-23H,4-8H2/t11-,12-,15-,17+/m0/s1",YGACXVRLDHEXKY-WXRXAMBDSA-N,True
38,DH-MOTM-Poster-May2023.pdf,C[C@H]1CN(C2COC2)CCN1c1ccc(Nc2cc(-c3ccnc(N4CCn5c(cc6c5CC(C)(C)C6)C4=O)c3CO)cn(C)c2=O)nc1,"InChI=1S/C37H44N8O4/c1-23-18-42(27-21-49-22-27)9-10-43(23)26-5-6-33(39-17-26)40-30-13-25(19-41(4)35(30)47)28-7-8-38-34(29(28)20-46)45-12-11-44-31(36(45)48)14-24-15-37(2,3)16-32(24)44/h5-8,13-14,17,19,23,27,46H,9-12,15-16,18,20-22H2,1-4H3,(H,39,40)/t23-/m0/s1",WNEODWDFDXWOLU-QHCPKHFHSA-N,True
39,DH-MOTM-Poster-May2023.pdf,C[C@H]1CNCCN1c1nccc(-c2noc3c2CCC[C@@]32CCCc3sc(N)c(C#N)c32)n1,"InChI=1S/C24H27N7OS/c1-14-13-27-10-11-31(14)23-28-9-6-17(29-23)20-15-4-2-7-24(21(15)32-30-20)8-3-5-18-19(24)16(12-25)22(26)33-18/h6,9,14,27H,2-5,7-8,10-11,13,26H2,1H3/t14-,24-/m0/s1",PVOYBVVIBNPTPJ-BSEYFRJRSA-N,False
40,DH-MOTM-Poster-May2023.pdf,Cc1cn(C)nc1[C@H](Nc1c(Nc2ccnc(C(=O)N(C)C)c2O)c(=O)c1=O)C1(C)CCCC1,"InChI=1S/C24H30N6O4/c1-13-12-30(5)28-15(13)22(24(2)9-6-7-10-24)27-17-16(20(32)21(17)33)26-14-8-11-25-18(19(14)31)23(34)29(3)4/h8,11-12,22,27,31H,6-7,9-10H2,1-5H3,(H,25,26)/t22-/m0/s1",WZBSYWCLIMRAHO-QFIPXVFZSA-N,True
41,DH-MOTM-Poster-May2023.pdf,CCc1nc2c(C)cc(N3CCN(CC(=O)N4CC(O)C4)CC3)cn2c1N(C)c1nc(-c2ccc(F)cc2)c(C#N)s1,"InChI=1S/C30H33FN8O2S/c1-4-24-29(35(3)30-34-27(25(14-32)42-30)20-5-7-21(31)8-6-20)39-15-22(13-19(2)28(39)33-24)37-11-9-36(10-12-37)18-26(41)38-16-23(40)17-38/h5-8,13,15,23,40H,4,9-12,16-18H2,1-3H3",REQQVBGILUTQNN-UHFFFAOYSA-N,True
42,DH-MOTM-Poster-May2023.pdf,C[C@@H](O[P@SP2](=O)(N1CC1)N1CC1)c1ccc([N+](=O)[O-])c(Oc2cccc(C(=O)N(C)C)c2)c1,"InChI=1S/C21H25N4O6P/c1-15(31-32(29,23-9-10-23)24-11-12-24)16-7-8-19(25(27)28)20(14-16)30-18-6-4-5-17(13-18)21(26)22(2)3/h4-8,13-15H,9-12H2,1-3H3/t15-/m1/s1",NWGZZGNICQFUHV-OAHLLOKOSA-N,True
43,DH-MOTM-Poster-May2023.pdf,[H][C@]1(N[S@SP2](C)(=O)=O)CCN(C(=O)C(C)(C)O)[C@@]1([H])Cc1cccc(-c2cc(F)cc(F)c2)c1F,"InChI=1S/C22H25F3N2O4S/c1-22(2,29)21(28)27-8-7-18(26-32(3,30)31)19(27)11-13-5-4-6-17(20(13)25)14-9-15(23)12-16(24)10-14/h4-6,9-10,12,18-19,26,29H,7-8,11H2,1-3H3/t18-,19-/m0/s1",VOSAWOSMGPKQEQ-OALUTQOASA-N,True
44,DH-MOTM-Poster-May2023.pdf,C=CC(=O)N1C[C@H](Nc2ncnc3[nH]ccc23)CC[C@@H]1C,"InChI=1S/C15H19N5O/c1-3-13(21)20-8-11(5-4-10(20)2)19-15-12-6-7-16-14(12)17-9-18-15/h3,6-7,9-11H,1,4-5,8H2,2H3,(H2,16,17,18,19)/t10-,11+/m0/s1",CBRJPFGIXUFMTM-WDEREUQCSA-N,True
45,DH-MOTM-Poster-May2023.pdf,Cc1ccc(C(=O)Oc2ccc(C(CN(C)C)C3(O)CCCCC3)cc2)cc1,"InChI=1S/C24H31NO3/c1-18-7-9-20(10-8-18)23(26)28-21-13-11-19(12-14-21)22(17-25(2)3)24(27)15-5-4-6-16-24/h7-14,22,27H,4-6,15-17H2,1-3H3",QKYBZJLEMOZFFU-UHFFFAOYSA-N,True
46,DH-MOTM-Poster-May2023.pdf,CC(=O)N1CCC(COc2ccc(-c3ccn[nH]3)nc2)CC1,"InChI=1S/C16H20N4O2/c1-12(21)20-8-5-13(6-9-20)11-22-14-2-3-15(17-10-14)16-4-7-18-19-16/h2-4,7,10,13H,5-6,8-9,11H2,1H3,(H,18,19)",GNQGSUOEYQIORN-UHFFFAOYSA-N,True
47,DH-MOTM-Poster-May2023.pdf,CC(C)C1=CC(=CC=C1O)CC2=C(C)C=C(C=C2C)OC[P@@]3(=O)OCC[C@@H](C4=CC=CC(=C4)Cl)O3,"InChI=1S/C28H32ClO5P/c1-18(2)25-14-21(8-9-27(25)30)15-26-19(3)12-24(13-20(26)4)32-17-35(31)33-11-10-28(34-35)22-6-5-7-23(29)16-22/h5-9,12-14,16,18,28,30H,10-11,15,17H2,1-4H3/t28-,35+/m0/s1",LGGPZDRLTDGYSQ-JADSYQMUSA-N,True
48,DH-MOTM-Poster-June-2023-Revised.pdf,Cc1cc(-n2nc3c(c2-n2ccn(-c4ccc5c(cnn5C)c4F)c2=O)[C@H](C)N(C(=O)c2cc4cc([C@H]5CCOC(C)(C)C5)ccc4n2[C@@]2(c4noc(=O)[nH]4)C[C@@H]2C)CC3)cc(C)c1F,"InChI=1S/C48H48F2N10O5/c1-25-18-32(19-26(2)40(25)49)60-42(58-16-15-57(46(58)63)37-11-10-36-33(41(37)50)24-51-55(36)7)39-28(4)56(14-12-34(39)53-60)43(61)38-21-31-20-29(30-13-17-64-47(5,6)23-30)8-9-35(31)59(38)48(22-27(48)3)44-52-45(62)65-54-44/h8-11,15-16,18-21,24,27-28,30H,12-14,17,22-23H2,1-7H3,(H,52,54,62)/t27-,28-,30-,48-/m0/s1",USUWIEBBBWHKNI-KHIFEHGGSA-N,True
49,DH-MOTM-Poster-June-2023-Revised.pdf,C1=CC(=NC(=C1)OCC2=CC=C(C=C2F)C#N)C3CCN(CC3)CC4=NC5=C(C=C(C=C5)C(=O)O)N4C[C@@H]6CCO6,"InChI=1S/C31H30FN5O4/c32-25-14-20(16-33)4-5-23(25)19-41-30-3-1-2-26(35-30)21-8-11-36(12-9-21)18-29-34-27-7-6-22(31(38)39)15-28(27)37(29)17-24-10-13-40-24/h1-7,14-15,21,24H,8-13,17-19H2,(H,38,39)/t24-/m0/s1",HYBAKUMPISVZQP-DEOSSOPVSA-N,True
50,DH-MOTM-Poster-June-2023-Revised.pdf,C[C@@H](Nc1nc(N[C@H](C)C(F)(F)F)nc(-c2cccc(Cl)n2)n1)C(F)(F)F,"InChI=1S/C14H13ClF6N6/c1-6(13(16,17)18)22-11-25-10(8-4-3-5-9(15)24-8)26-12(27-11)23-7(2)14(19,20)21/h3-7H,1-2H3,(H2,22,23,25,26,27)/t6-,7-/m1/s1",QCZAWDGAVJMPTA-RNFRBKRXSA-N,True
51,DH-MOTM-Poster-June-2023-Revised.pdf,CCCCN(CCCC)C(=O)CN1C[C@H](c2ccc3c(c2)OCO3)[C@@H](C(=O)O)[C@@H]1c1ccc(OC)cc1,"InChI=1S/C29H38N2O6/c1-4-6-14-30(15-7-5-2)26(32)18-31-17-23(21-10-13-24-25(16-21)37-19-36-24)27(29(33)34)28(31)20-8-11-22(35-3)12-9-20/h8-13,16,23,27-28H,4-7,14-15,17-19H2,1-3H3,(H,33,34)/t23-,27-,28+/m1/s1",MOTJMGVDPWRKOC-QPVYNBJUSA-N,True
52,DH-MOTM-Poster-June-2023-Revised.pdf,C=C(C)C(=O)Nc1ccc(-c2c(-c3ccc(Oc4nccc(C)n4)c(F)c3)c3c(N)ncnc3n2C)cc1,"InChI=1S/C28H24FN7O2/c1-15(2)27(37)35-19-8-5-17(6-9-19)24-22(23-25(30)32-14-33-26(23)36(24)4)18-7-10-21(20(29)13-18)38-28-31-12-11-16(3)34-28/h5-14H,1H2,2-4H3,(H,35,37)(H2,30,32,33)",XOQVZSSDIQQUGO-UHFFFAOYSA-N,True
53,DH-MOTM-Poster-June-2023-Revised.pdf,Cc1cc(N2C(=O)NC(=O)C2(C)C)cc(C)c1CC[S@SP2](=O)(=O)N1CCC2(CC1)N=C(c1ccc(OC(F)(F)F)cc1)NC2=O,"InChI=1S/C29H32F3N5O6S/c1-17-15-20(37-26(40)34-24(38)27(37,3)4)16-18(2)22(17)9-14-44(41,42)36-12-10-28(11-13-36)25(39)33-23(35-28)19-5-7-21(8-6-19)43-29(30,31)32/h5-8,15-16H,9-14H2,1-4H3,(H,33,35,39)(H,34,38,40)",LDZJFVOUPUFOHX-UHFFFAOYSA-N,True
54,DH-MOTM-Poster-June-2023-Revised.pdf,Cc1nccnc1-c1nn2c(=O)cc(-c3ccc(C4CCCCC4)cc3)[nH]c2c1C(=O)N1CC(CF)C1,"InChI=1S/C28H29FN6O2/c1-17-25(31-12-11-30-17)26-24(28(37)34-15-18(14-29)16-34)27-32-22(13-23(36)35(27)33-26)21-9-7-20(8-10-21)19-5-3-2-4-6-19/h7-13,18-19,32H,2-6,14-16H2,1H3",UNRTVIQQMJRQLZ-UHFFFAOYSA-N,False
55,DH-MOTM-Poster-June-2023-Revised.pdf,CC.CC(=O)N1CCN(c2ccc3c(NCCN)nc(C4(c5ccc(Cl)cc5)CCCCC4)nc3c2)CC1,"InChI=1S/C28H35ClN6O.C2H6/c1-20(36)34-15-17-35(18-16-34)23-9-10-24-25(19-23)32-27(33-26(24)31-14-13-30)28(11-3-2-4-12-28)21-5-7-22(29)8-6-21;1-2/h5-10,19H,2-4,11-18,30H2,1H3,(H,31,32,33);1-2H3",YWOUFXHMFCLPRT-UHFFFAOYSA-N,False
56,DH-MOTM-Poster-June-2023-Revised.pdf,N#Cc1ncn(CC(=O)N2Cc3ccc(-c4cc(F)cnc4C(F)(F)F)cc3C2)n1,"InChI=1S/C19H12F4N6O/c20-14-4-15(18(25-6-14)19(21,22)23)11-1-2-12-7-28(8-13(12)3-11)17(30)9-29-10-26-16(5-24)27-29/h1-4,6,10H,7-9H2",JDTWUDDOSHJEIZ-UHFFFAOYSA-N,True
